seed,heater_duty_pct,mean_true_temp_C,rmse_true_temp_C,outside_deadband_pct,min_true_temp_C,max_true_temp_C
123,18.944444444444443,21.000251942985997,0.39823052042174656,4.111111111111112,18.0,21.260661959147658
124,19.02777777777778,20.96891020833997,0.39715739511179365,4.638888888888889,18.0,21.256397704852944
125,19.13888888888889,20.968531355400962,0.3949864995246433,4.388888888888888,18.0,21.261588922845352
126,19.11111111111111,20.99637767237981,0.39503909150280786,4.055555555555555,18.0,21.217918760791182
127,19.166666666666668,20.9894038119829,0.3969930003479237,4.111111111111112,18.0,21.265983443116756
128,19.055555555555557,20.984498480305955,0.3937537642545161,4.361111111111112,18.0,21.227944353458682
129,19.11111111111111,20.997783735423894,0.39667679974875397,4.083333333333333,18.0,21.24414842730469
130,19.13888888888889,20.99605492287203,0.3995837603207914,4.25,18.0,21.251843818374702
131,19.11111111111111,21.01744249839798,0.40574692286088737,4.277777777777778,18.0,21.319109179842847
132,19.11111111111111,20.99554056033659,0.39833070427235806,4.444444444444445,18.0,21.278973924306502
133,19.02777777777778,20.991754601696748,0.3957999426511429,4.222222222222222,18.0,21.2324074200438
134,19.25,20.99643330772253,0.398339930174265,4.416666666666667,18.0,21.29208857004909
135,19.11111111111111,21.005733373236648,0.4013479702701927,4.305555555555555,18.0,21.29284363593275
136,18.97222222222222,21.00281090519565,0.40339050270406696,4.277777777777778,18.0,21.32190617627711
137,19.083333333333332,21.0191486972634,0.40289112782396785,4.361111111111112,18.0,21.312618030587906
138,19.13888888888889,20.976286984000062,0.39688869136689775,4.25,18.0,21.24394732045274
139,19.194444444444443,21.00926721572456,0.4020593509137346,4.361111111111112,18.0,21.28407140435683
140,19.25,21.000447255004023,0.3974376323827802,4.305555555555555,18.0,21.275347214487937
141,19.194444444444443,20.999920071700664,0.3988860463513044,4.361111111111112,18.0,21.28692930888129
142,19.13888888888889,20.973854217284092,0.39320551339409804,4.277777777777778,18.0,21.249993294930047
